Code,Date,Open,High,Low,Close,Volume,Value,Trades
DVP,07/10/2021,0.570,0.602,0.540,0.590,697095,402872.265,179
DVP,08/10/2021,0.595,0.625,0.595,0.610,462028,281554.045,78
DVP,11/10/2021,0.625,0.625,0.590,0.595,1082297,659801.108,290
DVP,12/10/2021,0.595,0.615,0.585,0.590,741288,443628.515,120
DVP,13/10/2021,0.610,0.620,0.600,0.615,320584,195910.543,133
DVP,14/10/2021,0.630,0.665,0.620,0.650,1266060,822574.982,153
DVP,15/10/2021,0.650,0.660,0.630,0.655,674643,436518.895,163
DVP,18/10/2021,0.665,0.695,0.665,0.670,1295004,883489.926,213
DVP,19/10/2021,0.695,0.705,0.660,0.680,413243,280665.960,120
DVP,20/10/2021,0.680,0.690,0.670,0.670,540983,367665.120,117
DVP,21/10/2021,0.695,0.695,0.660,0.660,456670,306503.030,105
DVP,22/10/2021,0.650,0.655,0.630,0.635,730857,468618.633,111
DVP,25/10/2021,0.625,0.630,0.595,0.620,1493114,917924.740,271
DVP,26/10/2021,0.630,0.640,0.610,0.610,512511,321897.580,159
DVP,27/10/2021,0.620,0.625,0.600,0.600,395726,241736.003,114
DVP,28/10/2021,0.610,0.620,0.595,0.615,329021,199947.061,229
DVP,29/10/2021,0.610,0.630,0.600,0.630,639332,392503.520,156
DVP,01/11/2021,0.630,0.660,0.625,0.650,683688,441977.940,85
DVP,02/11/2021,0.655,0.680,0.640,0.640,658487,433471.345,115
DVP,03/11/2021,0.655,0.655,0.620,0.625,473307,298842.839,136
DVP,04/11/2021,0.640,0.645,0.635,0.640,204914,130400.261,91
DVP,05/11/2021,0.645,0.645,0.620,0.625,423229,266461.370,111
DVP,08/11/2021,0.640,0.645,0.615,0.615,754278,474558.920,112
DVP,09/11/2021,0.620,0.630,0.615,0.620,326712,203138.945,63
DVP,10/11/2021,0.620,0.640,0.605,0.615,765902,472263.645,97
DVP,11/11/2021,0.620,0.625,0.610,0.620,942239,583222.261,144
DVP,12/11/2021,0.625,0.625,0.605,0.610,625091,385037.677,165
DVP,15/11/2021,0.610,0.620,0.590,0.595,1301075,790177.375,178
DVP,16/11/2021,0.600,0.600,0.580,0.600,629076,372566.050,162
DVP,17/11/2021,0.600,0.600,0.580,0.580,331894,194693.310,81
DVP,18/11/2021,0.580,0.600,0.575,0.600,307801,179779.709,158
DVP,19/11/2021,0.600,0.605,0.570,0.590,710028,415955.328,173
DVP,22/11/2021,0.590,0.600,0.580,0.590,181018,106075.760,86
DVP,23/11/2021,0.590,0.615,0.560,0.595,632649,369846.673,194
DVP,24/11/2021,0.595,0.600,0.570,0.590,457813,266730.880,132
DVP,25/11/2021,0.590,0.590,0.565,0.580,328742,189317.372,90
DVP,26/11/2021,0.580,0.600,0.565,0.580,582984,339814.425,195
DVP,29/11/2021,0.570,0.590,0.560,0.580,838456,480602.930,181
DVP,09/12/2021,4.070,4.130,4.000,4.080,231394,941511.690,253
DVP,10/12/2021,4.130,4.230,4.000,4.200,410918,1686230.920,520
DVP,13/12/2021,4.210,4.500,4.210,4.250,947479,4094333.370,483
DVP,14/12/2021,4.270,4.420,4.240,4.290,625604,2702043.005,287
DVP,15/12/2021,4.290,4.340,4.020,4.050,958411,3887436.660,326
DVP,16/12/2021,4.020,4.150,4.000,4.010,83084,335736.070,166
DVP,17/12/2021,4.150,4.280,4.150,4.200,176614,740484.180,121
DVP,20/12/2021,4.150,4.190,4.000,4.100,76044,308643.590,183
DVP,21/12/2021,4.000,4.010,3.840,3.910,249190,980695.830,282
DVP,22/12/2021,3.980,3.980,3.820,3.960,92733,361399.925,165
DVP,23/12/2021,3.990,3.990,3.750,3.750,51721,200611.420,123
DVP,24/12/2021,3.790,3.800,3.730,3.730,44618,167872.670,89
DVP,29/12/2021,3.750,3.870,3.730,3.860,131753,501946.455,240
DVP,30/12/2021,3.880,3.910,3.750,3.750,36155,136903.135,103
DVP,31/12/2021,3.730,3.860,3.730,3.850,86689,332675.000,102
DVP,04/01/2022,3.850,4.040,3.750,3.800,162187,629506.170,166
DVP,05/01/2022,3.820,3.855,3.690,3.700,157437,594440.685,149
DVP,06/01/2022,3.700,3.700,3.580,3.610,147252,535505.490,198
DVP,07/01/2022,3.600,3.680,3.590,3.680,92716,335177.850,137
DVP,10/01/2022,3.630,3.670,3.350,3.420,193922,672080.270,310
DVP,11/01/2022,3.360,3.470,3.300,3.420,71818,244269.185,142
DVP,12/01/2022,3.420,3.490,3.330,3.350,95476,322384.690,161
DVP,13/01/2022,3.350,3.490,3.350,3.360,65110,221632.580,153
DVP,14/01/2022,3.370,3.400,3.250,3.320,77180,256264.080,143
DVP,17/01/2022,3.500,3.580,3.370,3.400,224575,775945.605,214
DVP,18/01/2022,3.440,3.440,3.250,3.260,122754,410503.210,164
DVP,19/01/2022,3.260,3.290,3.160,3.200,66488,213611.470,83
DVP,20/01/2022,3.190,3.380,3.190,3.350,90623,299262.430,130
DVP,21/01/2022,3.350,3.350,3.140,3.200,103916,332913.655,156
DVP,24/01/2022,3.110,3.130,2.950,3.040,263288,796202.915,358
DVP,25/01/2022,3.030,3.050,2.800,2.960,232453,673497.265,242
DVP,27/01/2022,3.000,3.160,2.730,2.870,182905,536622.260,176
DVP,28/01/2022,2.800,3.000,2.800,3.000,196222,571590.998,176
DVP,31/01/2022,2.860,2.930,2.850,2.880,50590,146423.210,100
DVP,01/02/2022,2.870,2.980,2.860,2.980,37300,108794.390,82
DVP,02/02/2022,3.000,3.230,3.000,3.230,190019,596597.395,213
DVP,03/02/2022,3.250,3.250,3.020,3.130,170241,529211.120,257
DVP,04/02/2022,3.130,3.200,3.050,3.120,79240,247381.820,94
DVP,07/02/2022,3.120,3.120,3.010,3.080,76102,234079.645,137
DVP,08/02/2022,3.070,3.080,2.940,3.000,145487,435811.860,125
DVP,09/02/2022,3.090,3.290,3.020,3.220,131970,417106.160,186
DVP,10/02/2022,3.300,3.400,3.160,3.190,100939,335287.170,113
DVP,11/02/2022,3.200,3.200,3.020,3.080,67621,208659.910,90
DVP,14/02/2022,3.050,3.150,2.960,3.120,148145,453676.670,211
DVP,15/02/2022,3.120,3.140,3.000,3.100,56544,172918.910,97
DVP,16/02/2022,3.120,3.200,3.100,3.170,55549,174687.200,91
DVP,17/02/2022,0.000,0.000,0.000,3.170,0,0.000,0
DVP,18/02/2022,0.000,0.000,0.000,3.170,0,0.000,0
DVP,21/02/2022,3.350,3.750,3.300,3.380,431667,1479351.125,315
DVP,22/02/2022,3.400,3.400,3.190,3.260,258226,847434.770,250
DVP,23/02/2022,3.290,3.460,3.270,3.350,99458,334633.020,89
DVP,24/02/2022,3.350,3.380,3.260,3.370,121865,403241.875,134
DVP,25/02/2022,3.340,3.380,3.300,3.370,126733,424100.100,74
DVP,28/02/2022,3.400,3.400,3.300,3.340,104460,350014.060,58
DVP,01/03/2022,3.340,3.450,3.330,3.370,210479,714773.210,167
DVP,02/03/2022,3.380,3.450,3.330,3.450,116494,397084.300,124
DVP,03/03/2022,3.450,3.550,3.350,3.450,167790,581942.055,122
DVP,04/03/2022,3.500,3.670,3.400,3.460,384764,1344160.635,348
DVP,07/03/2022,3.450,3.550,3.340,3.500,224549,772042.570,268
DVP,08/03/2022,3.500,3.540,3.410,3.500,279931,977551.670,459
DVP,09/03/2022,3.500,3.550,3.400,3.500,224575,783215.250,503
DVP,10/03/2022,3.410,3.490,3.340,3.400,97091,331249.265,122
DVP,11/03/2022,3.430,3.460,3.250,3.460,208173,698098.345,330
DVP,14/03/2022,3.450,3.450,3.300,3.380,115589,386415.675,138
DVP,15/03/2022,3.290,3.300,3.070,3.130,274102,870890.990,251
DVP,16/03/2022,3.140,3.200,3.100,3.200,86088,270990.480,67
DVP,17/03/2022,3.200,3.240,3.140,3.200,78283,249063.185,84
DVP,18/03/2022,3.200,3.290,3.170,3.290,56644,183724.105,113
DVP,21/03/2022,3.350,3.350,3.170,3.300,96764,317333.900,114
DVP,22/03/2022,3.350,3.370,3.290,3.310,89551,297066.850,87
DVP,23/03/2022,3.350,3.350,3.250,3.290,35717,118177.620,85
DVP,24/03/2022,3.290,3.310,3.230,3.300,154128,502877.415,140
DVP,25/03/2022,3.300,3.300,3.220,3.280,51535,168623.290,41
DVP,28/03/2022,3.250,3.250,3.160,3.160,80171,257583.345,131
DVP,29/03/2022,3.150,3.250,3.110,3.230,159747,509794.560,225
DVP,30/03/2022,3.250,3.260,3.130,3.140,80371,255946.630,60
DVP,31/03/2022,3.170,3.180,3.070,3.070,1453365,4470753.865,212
DVP,01/04/2022,3.110,3.160,3.070,3.100,88841,275389.450,62
DVP,04/04/2022,3.110,3.200,3.110,3.110,209425,659954.035,217
DVP,05/04/2022,3.120,3.225,3.120,3.140,113394,357608.310,148
DVP,06/04/2022,3.180,3.180,3.000,3.100,237861,726780.145,195
DVP,07/04/2022,3.150,3.150,3.000,3.070,64212,196317.960,82
DVP,08/04/2022,3.070,3.070,3.000,3.000,114717,347530.605,197
DVP,11/04/2022,3.000,3.070,2.940,3.070,151478,454613.380,159
DVP,12/04/2022,3.030,3.150,3.000,3.100,124871,383727.975,236
DVP,13/04/2022,3.140,3.220,3.070,3.220,100804,318251.185,132
DVP,14/04/2022,3.280,3.450,3.270,3.330,515785,1727310.535,366
DVP,19/04/2022,3.370,3.580,3.370,3.480,406394,1408836.600,473
DVP,20/04/2022,3.480,3.480,3.320,3.370,125936,425321.150,396
DVP,21/04/2022,3.470,3.470,3.240,3.330,202647,674422.030,213
DVP,22/04/2022,3.330,3.390,3.260,3.390,1091642,3677406.245,345
DVP,26/04/2022,3.330,3.330,3.150,3.250,429083,1382617.770,497
DVP,27/04/2022,3.220,3.290,3.170,3.250,243517,782916.480,655
DVP,28/04/2022,3.260,3.280,3.110,3.140,114217,363100.425,345
DVP,29/04/2022,3.100,3.150,3.050,3.150,152245,472109.560,298
DVP,02/05/2022,3.110,3.180,3.010,3.030,198600,607042.660,323
DVP,03/05/2022,3.030,3.030,2.870,2.980,284618,841120.200,337
DVP,04/05/2022,2.970,2.980,2.740,2.810,239540,679863.830,308
DVP,05/05/2022,2.810,2.890,2.800,2.880,232566,660122.985,217
DVP,06/05/2022,2.820,2.850,2.660,2.700,359795,981992.195,498
DVP,09/05/2022,2.650,2.670,2.400,2.430,368661,933154.680,447
DVP,10/05/2022,2.360,2.420,2.195,2.350,415509,966422.295,390
DVP,11/05/2022,2.330,2.370,2.260,2.350,245261,567273.315,436
DVP,12/05/2022,2.250,2.310,2.120,2.150,282777,619404.890,373
DVP,13/05/2022,2.000,2.220,2.000,2.220,301815,638784.350,448
DVP,16/05/2022,2.350,2.490,2.290,2.430,533990,1280128.875,651
DVP,17/05/2022,2.460,2.470,2.300,2.320,178286,420762.950,234
DVP,18/05/2022,2.350,2.450,2.350,2.400,229690,556631.970,180
DVP,19/05/2022,2.350,2.400,2.270,2.380,149891,349715.140,209
DVP,20/05/2022,2.400,2.510,2.340,2.470,459911,1112025.775,319
DVP,23/05/2022,2.470,2.470,2.350,2.450,135986,327085.365,133
DVP,24/05/2022,2.450,2.450,2.320,2.360,107466,255079.290,178
DVP,25/05/2022,2.400,2.680,2.400,2.640,327964,840679.420,315
DVP,26/05/2022,2.680,2.760,2.500,2.520,148890,385546.400,194
DVP,27/05/2022,2.550,2.635,2.370,2.380,241442,590040.055,537
DVP,30/05/2022,2.400,2.400,2.220,2.300,601220,1379576.380,529
DVP,31/05/2022,2.300,2.430,2.300,2.300,305910,713420.305,294
DVP,01/06/2022,2.310,2.370,2.220,2.250,251712,570465.170,343
DVP,02/06/2022,2.400,2.470,2.280,2.430,200874,475099.520,295
DVP,03/06/2022,2.550,2.660,2.490,2.590,157209,406112.195,295
DVP,06/06/2022,2.750,2.750,2.540,2.620,151745,394895.800,177
DVP,07/06/2022,2.630,2.720,2.570,2.570,255139,678858.585,491
DVP,08/06/2022,2.640,2.680,2.560,2.610,130283,343547.470,203
DVP,09/06/2022,2.650,2.680,2.540,2.650,104979,273134.960,273
DVP,10/06/2022,2.640,2.640,2.500,2.550,343213,877150.290,326
DVP,14/06/2022,2.480,2.480,2.230,2.380,168839,392089.895,236
DVP,15/06/2022,2.450,2.450,2.210,2.230,106612,240526.560,177
DVP,16/06/2022,2.280,2.330,2.235,2.240,160889,366327.305,146
DVP,17/06/2022,2.240,2.240,2.050,2.140,353147,754754.625,250
DVP,20/06/2022,2.200,2.200,1.960,2.010,321278,657507.048,372
DVP,21/06/2022,2.010,2.160,2.010,2.110,149956,313535.830,195
DVP,22/06/2022,2.200,2.200,2.060,2.100,127400,271078.540,134
DVP,23/06/2022,2.150,2.150,2.000,2.040,255659,524255.765,338
DVP,24/06/2022,2.040,2.140,1.990,2.120,169416,349335.385,170
DVP,27/06/2022,2.150,2.150,2.080,2.080,58777,124420.160,112
DVP,28/06/2022,2.080,2.120,2.030,2.060,118831,246377.155,171
DVP,29/06/2022,2.040,2.050,1.935,1.980,315086,629850.735,238
DVP,30/06/2022,2.000,2.055,1.960,1.990,245220,494609.140,212
DVP,01/07/2022,2.000,2.090,1.960,2.000,184765,371836.650,242
DVP,04/07/2022,2.000,2.090,1.970,1.980,159442,319018.827,353
DVP,05/07/2022,1.960,2.155,1.960,2.100,150544,310264.903,220
DVP,06/07/2022,2.070,2.100,1.935,1.960,106818,213915.689,238
DVP,07/07/2022,1.980,2.100,1.970,2.100,181727,361110.178,372
DVP,08/07/2022,2.100,2.160,2.030,2.030,122056,253462.845,241
DVP,11/07/2022,2.090,2.100,1.935,1.980,113870,224834.895,273
DVP,12/07/2022,1.960,2.030,1.880,1.900,145668,280377.170,156
DVP,13/07/2022,1.855,1.875,1.760,1.810,189214,343205.140,348
DVP,14/07/2022,1.900,1.900,1.800,1.800,143165,261083.415,175
DVP,15/07/2022,1.800,1.870,1.790,1.870,68531,124017.317,107
DVP,18/07/2022,1.880,1.890,1.775,1.845,206895,383144.885,202
DVP,19/07/2022,1.845,1.865,1.760,1.760,71857,129721.085,125
DVP,20/07/2022,1.810,1.872,1.800,1.830,164368,302348.702,246
DVP,21/07/2022,1.850,1.920,1.850,1.915,196192,370402.379,168
DVP,22/07/2022,1.930,2.040,1.920,2.030,82081,162737.718,147
DVP,25/07/2022,2.100,2.100,1.930,1.980,89465,179262.615,138
DVP,26/07/2022,1.950,2.130,1.950,2.070,123451,251123.454,106
DVP,27/07/2022,2.070,2.100,2.020,2.060,84563,174739.140,187
DVP,28/07/2022,2.100,2.250,2.100,2.200,65790,143919.740,234
DVP,29/07/2022,2.210,2.300,2.140,2.260,300726,671429.500,223
DVP,01/08/2022,2.320,2.380,2.230,2.320,88375,204900.970,133
DVP,02/08/2022,2.390,2.440,2.280,2.390,175740,416117.380,265
DVP,03/08/2022,2.430,2.490,2.350,2.480,282725,676367.880,269
DVP,04/08/2022,2.500,2.540,2.390,2.410,188881,462904.295,146
DVP,05/08/2022,2.460,2.620,2.450,2.590,369303,930792.945,335
DVP,08/08/2022,2.730,2.800,2.660,2.680,722620,1953174.635,351
DVP,09/08/2022,2.700,2.770,2.550,2.700,427556,1154740.255,287
DVP,10/08/2022,2.680,2.680,2.550,2.560,136077,353460.930,185
DVP,11/08/2022,2.620,2.700,2.550,2.560,242150,635521.655,314
DVP,12/08/2022,2.640,2.640,2.480,2.530,179918,460290.950,139
DVP,15/08/2022,2.530,2.550,2.410,2.450,132292,331243.720,125
DVP,16/08/2022,2.430,2.550,2.430,2.500,164292,408805.550,106
DVP,17/08/2022,2.490,2.490,2.380,2.480,114696,279774.970,212
DVP,18/08/2022,2.470,2.470,2.370,2.380,90656,217414.160,119
DVP,19/08/2022,2.370,2.400,2.340,2.350,91713,217403.980,124
DVP,22/08/2022,2.350,2.410,2.300,2.400,146290,342851.570,228
DVP,23/08/2022,2.400,2.420,2.325,2.400,287072,681780.140,414
DVP,24/08/2022,2.450,2.450,2.370,2.410,142613,342294.165,212
DVP,25/08/2022,2.390,2.540,2.390,2.490,163827,407938.045,206
DVP,26/08/2022,2.550,2.550,2.410,2.440,125594,311962.720,215
DVP,29/08/2022,2.300,2.410,2.220,2.300,283213,651467.475,267
DVP,30/08/2022,2.250,2.410,2.250,2.390,130507,306390.250,311
DVP,31/08/2022,2.400,2.470,2.350,2.450,134520,326637.445,261
DVP,01/09/2022,2.450,2.500,2.300,2.360,107565,254492.660,117
DVP,02/09/2022,2.340,2.360,2.270,2.270,109643,254658.025,242
DVP,05/09/2022,2.300,2.300,2.240,2.270,109868,249248.935,212
DVP,06/09/2022,2.290,2.360,2.250,2.270,151398,349742.635,119
DVP,07/09/2022,2.270,2.270,2.070,2.150,496460,1064350.825,228
DVP,08/09/2022,2.180,2.340,2.180,2.320,119079,272340.065,166
DVP,09/09/2022,2.330,2.480,2.300,2.460,118823,285634.910,151
DVP,12/09/2022,2.500,2.610,2.470,2.530,252192,640891.120,346
DVP,13/09/2022,2.520,2.600,2.500,2.590,277552,707486.505,277
DVP,14/09/2022,2.460,2.620,2.440,2.550,263726,673587.660,173
DVP,15/09/2022,2.590,2.600,2.530,2.600,96700,247133.950,173
DVP,16/09/2022,2.600,2.600,2.510,2.600,143400,364257.135,197
DVP,19/09/2022,2.520,2.610,2.500,2.520,86287,219784.650,165
DVP,20/09/2022,2.570,2.670,2.530,2.620,226698,586375.770,178
DVP,21/09/2022,2.630,2.650,2.500,2.530,110450,280772.610,226
DVP,23/09/2022,2.500,2.500,2.400,2.480,532483,1303144.800,404
DVP,26/09/2022,2.490,2.490,2.410,2.450,245446,600388.375,282
DVP,27/09/2022,2.390,2.520,2.350,2.470,1013561,2484125.105,346
DVP,28/09/2022,2.500,2.510,2.450,2.450,118763,294764.030,339
DVP,29/09/2022,2.450,2.580,2.440,2.510,68666,171969.330,309
DVP,30/09/2022,2.500,2.515,2.430,2.510,42954,106503.760,205
DVP,03/10/2022,2.500,2.530,2.450,2.480,61825,154585.370,156
DVP,04/10/2022,2.550,2.750,2.550,2.680,171622,459154.950,327
DVP,05/10/2022,2.740,2.800,2.610,2.720,95204,259703.245,231
DVP,06/10/2022,2.730,2.930,2.730,2.920,204609,578371.180,355
DVP,07/10/2022,2.950,2.990,2.820,2.870,115348,333877.220,222
DVP,10/10/2022,2.810,2.890,2.690,2.700,59476,163392.980,291
DVP,11/10/2022,2.710,2.800,2.590,2.610,141302,375697.040,235
DVP,12/10/2022,2.620,2.780,2.590,2.780,36115,95228.025,121
DVP,13/10/2022,2.770,2.770,2.650,2.670,30476,82169.480,152
DVP,14/10/2022,2.700,2.710,2.630,2.640,60547,162051.745,127
DVP,17/10/2022,2.640,2.640,2.580,2.580,52035,135797.050,134
DVP,18/10/2022,2.680,2.680,2.570,2.650,85074,222264.115,176
DVP,19/10/2022,2.630,2.640,2.570,2.570,214660,556858.425,256
DVP,20/10/2022,2.570,2.570,2.530,2.550,136596,348210.385,220
DVP,21/10/2022,2.580,2.580,2.500,2.570,88912,225131.125,76
DVP,24/10/2022,2.570,2.740,2.570,2.680,42469,113239.630,156
DVP,25/10/2022,2.620,2.650,2.570,2.600,108019,281264.940,141
DVP,26/10/2022,2.640,2.640,2.510,2.600,60465,155922.830,111
DVP,27/10/2022,2.600,2.700,2.600,2.700,59255,157213.620,104
DVP,28/10/2022,2.690,2.720,2.680,2.690,67082,180871.675,59
DVP,31/10/2022,2.690,2.720,2.630,2.630,101270,269212.975,167
DVP,01/11/2022,2.630,2.660,2.530,2.660,64361,166202.930,109
DVP,02/11/2022,2.650,2.650,2.530,2.530,52512,137143.720,124
DVP,03/11/2022,2.530,2.530,2.430,2.500,109300,268830.335,103
DVP,04/11/2022,2.500,2.510,2.450,2.490,80461,200425.380,52
DVP,07/11/2022,2.490,2.700,2.490,2.660,132494,347137.045,165
DVP,08/11/2022,2.670,2.730,2.650,2.670,229911,618907.790,206
DVP,09/11/2022,2.660,2.660,2.500,2.520,209394,532297.975,229
DVP,10/11/2022,2.570,2.570,2.400,2.450,120777,296442.450,210
DVP,11/11/2022,2.510,2.550,2.430,2.470,159026,393347.050,222
DVP,14/11/2022,2.490,2.630,2.420,2.630,142369,354381.715,189
DVP,15/11/2022,2.560,2.670,2.500,2.670,167902,435960.255,200
DVP,16/11/2022,2.650,2.930,2.650,2.850,430309,1204299.140,663
DVP,17/11/2022,2.870,2.910,2.820,2.850,389296,1119311.215,364
DVP,18/11/2022,2.870,2.960,2.760,2.920,364372,1038532.635,411
DVP,21/11/2022,2.980,3.030,2.840,3.000,401561,1185785.950,419
DVP,22/11/2022,2.980,2.980,2.800,2.900,145366,418564.275,219
DVP,23/11/2022,2.920,2.920,2.830,2.900,53153,152501.535,138
DVP,24/11/2022,2.900,2.900,2.790,2.880,182388,519092.810,285
DVP,25/11/2022,2.880,2.890,2.840,2.870,158286,455216.055,127
DVP,28/11/2022,2.860,2.860,2.690,2.750,235019,647613.915,410
DVP,29/11/2022,2.700,2.710,2.650,2.690,84799,227641.090,176
DVP,30/11/2022,2.700,2.920,2.700,2.900,161179,457092.080,359
DVP,01/12/2022,2.920,3.040,2.840,3.000,302172,875498.475,459
DVP,02/12/2022,3.000,3.060,2.920,2.970,301350,905109.760,327
DVP,05/12/2022,2.970,3.020,2.890,2.980,270183,798208.955,286
DVP,06/12/2022,2.970,2.970,2.840,2.930,147379,427298.105,308
DVP,07/12/2022,2.940,2.980,2.860,2.900,184168,537087.250,273
DVP,08/12/2022,2.900,2.930,2.820,2.910,93041,267596.840,156
DVP,09/12/2022,2.910,2.970,2.830,2.940,222952,649706.570,278
DVP,12/12/2022,2.940,2.940,2.820,2.840,76553,218675.120,103
DVP,13/12/2022,2.850,2.900,2.810,2.860,68386,194443.270,116
DVP,14/12/2022,2.860,2.970,2.820,2.950,78502,227091.115,113
DVP,15/12/2022,2.950,2.950,2.830,2.880,128772,370256.330,166
DVP,16/12/2022,2.750,2.850,2.710,2.850,213830,592366.125,297
DVP,19/12/2022,2.850,2.900,2.800,2.880,89127,255131.310,136
DVP,20/12/2022,2.810,2.850,2.770,2.800,63684,178754.225,126
DVP,21/12/2022,2.810,2.940,2.810,2.940,97060,280257.250,141
DVP,22/12/2022,2.920,3.040,2.885,3.000,216370,646973.430,379
DVP,23/12/2022,3.000,3.180,2.975,3.150,376979,1166948.405,381
DVP,28/12/2022,3.150,3.200,3.010,3.130,232912,720534.005,211
DVP,29/12/2022,3.020,3.140,2.930,3.110,163794,496095.230,239
DVP,30/12/2022,3.170,3.250,3.170,3.190,160056,512263.235,248
DVP,03/01/2023,3.160,3.320,3.120,3.200,185289,598323.340,148
DVP,04/01/2023,3.200,3.470,3.190,3.390,290778,975454.670,375
DVP,05/01/2023,3.400,3.480,3.340,3.400,315956,1076193.260,454
DVP,06/01/2023,3.420,3.560,3.330,3.430,482972,1659239.520,500
DVP,09/01/2023,3.500,3.500,3.330,3.460,300091,1034033.495,322
DVP,10/01/2023,3.480,3.480,3.360,3.430,173502,590129.905,175
DVP,11/01/2023,3.430,3.500,3.430,3.500,129886,449339.305,200
DVP,12/01/2023,3.500,3.610,3.430,3.600,336395,1189956.950,267
DVP,13/01/2023,3.610,3.650,3.520,3.540,222993,796933.455,312
DVP,16/01/2023,3.560,3.670,3.520,3.650,263826,947532.030,370
DVP,17/01/2023,3.650,3.650,3.560,3.580,155745,560732.350,212
DVP,18/01/2023,3.590,3.620,3.490,3.530,163833,580554.050,242
DVP,19/01/2023,3.490,3.600,3.410,3.500,192656,673828.660,319
DVP,20/01/2023,3.400,3.480,3.370,3.400,229703,782514.890,440
DVP,23/01/2023,3.420,3.610,3.420,3.600,273484,974866.640,332
DVP,24/01/2023,3.610,3.670,3.480,3.500,414234,1468980.920,748
DVP,25/01/2023,3.510,3.605,3.460,3.550,303871,1077734.105,389
DVP,27/01/2023,3.600,4.000,3.580,4.000,471145,1786112.095,406
DVP,30/01/2023,3.990,4.000,3.850,3.900,313490,1233904.455,482
DVP,31/01/2023,3.860,3.910,3.750,3.900,415298,1598415.250,573
DVP,01/02/2023,3.920,3.920,3.650,3.650,283697,1064587.050,435
DVP,02/02/2023,3.650,3.700,3.460,3.650,540229,1937102.525,909
DVP,03/02/2023,3.570,3.620,3.460,3.540,400304,1416340.215,557
DVP,06/02/2023,3.530,3.590,3.480,3.540,115982,410448.480,231
DVP,07/02/2023,3.520,3.590,3.480,3.590,290627,1030788.180,833
DVP,08/02/2023,3.580,3.680,3.510,3.580,312418,1119028.430,587
DVP,09/02/2023,3.560,3.580,3.390,3.490,242674,841759.360,597
DVP,10/02/2023,3.490,3.490,3.340,3.420,130811,442846.210,442
DVP,13/02/2023,3.350,3.360,3.210,3.330,278945,917008.860,514
DVP,14/02/2023,3.290,3.360,3.270,3.330,112635,373956.955,398
DVP,15/02/2023,3.340,3.480,3.310,3.450,299555,1025294.915,806
DVP,16/02/2023,3.430,3.540,3.420,3.500,239060,827602.325,520
DVP,17/02/2023,3.520,3.570,3.410,3.560,169074,590681.355,371
DVP,20/02/2023,3.480,3.560,3.460,3.480,160484,564245.690,381
DVP,21/02/2023,3.480,3.510,3.390,3.500,207657,714829.205,374
DVP,22/02/2023,3.500,3.650,3.430,3.500,239304,849450.055,490
DVP,23/02/2023,3.500,3.500,3.380,3.450,57194,196215.820,355
DVP,24/02/2023,3.460,3.460,3.200,3.300,351925,1156534.390,703
DVP,27/02/2023,3.260,3.260,3.090,3.100,296998,935111.225,526
DVP,28/02/2023,3.000,3.190,2.950,3.140,497929,1529879.580,826
DVP,01/03/2023,3.070,3.280,3.070,3.280,105553,335996.210,229
DVP,02/03/2023,3.250,3.420,3.250,3.310,100484,337511.620,154
DVP,03/03/2023,3.270,3.370,3.250,3.270,169185,554770.580,172
DVP,06/03/2023,3.220,3.245,3.060,3.220,401715,1253933.925,810
DVP,07/03/2023,3.180,3.270,3.120,3.230,88847,281320.040,282
DVP,08/03/2023,3.230,3.230,3.090,3.110,114346,357437.930,354
DVP,09/03/2023,3.110,3.160,3.090,3.100,108719,339565.465,357
DVP,10/03/2023,3.060,3.220,3.000,3.220,153010,464468.445,585
DVP,13/03/2023,3.010,3.170,3.010,3.060,195349,605206.440,744
DVP,14/03/2023,3.110,3.110,2.980,3.020,203525,615317.420,254
DVP,15/03/2023,3.010,3.070,2.945,2.980,135901,406775.305,210
DVP,16/03/2023,2.910,2.940,2.810,2.850,203574,583813.295,305
DVP,17/03/2023,2.870,2.970,2.870,2.930,113072,330174.710,170
DVP,20/03/2023,2.870,2.980,2.820,2.840,247858,716923.660,419
DVP,21/03/2023,2.860,2.910,2.750,2.760,221587,620628.925,309
DVP,22/03/2023,2.800,2.925,2.800,2.910,138555,399376.095,175
DVP,23/03/2023,2.910,2.970,2.820,2.910,269088,784352.990,288
DVP,24/03/2023,2.900,2.970,2.850,2.930,152093,442798.325,434
DVP,27/03/2023,2.970,3.120,2.790,2.830,288855,837407.545,443
DVP,28/03/2023,2.840,3.000,2.830,2.950,143172,418760.140,230
DVP,29/03/2023,2.990,3.100,2.960,3.100,280627,856108.375,386
DVP,30/03/2023,3.150,3.200,3.110,3.150,295113,932187.150,736
DVP,31/03/2023,3.240,3.400,3.190,3.340,517939,1718436.035,1007
DVP,03/04/2023,3.360,3.360,3.150,3.220,318181,1028684.680,500
DVP,04/04/2023,3.250,3.250,3.070,3.170,143012,447441.210,301
DVP,05/04/2023,3.250,3.280,3.130,3.160,249012,796452.165,494
DVP,06/04/2023,3.140,3.250,3.120,3.200,179119,568572.140,270
DVP,11/04/2023,3.200,3.260,3.150,3.260,217424,693701.775,518
DVP,12/04/2023,3.280,3.380,3.250,3.270,122486,405885.035,369
DVP,13/04/2023,3.240,3.250,3.130,3.150,175809,558329.500,436
DVP,14/04/2023,3.180,3.230,3.100,3.140,150494,474091.050,381
DVP,17/04/2023,3.140,3.140,2.990,3.020,216599,657774.915,528
DVP,18/04/2023,3.030,3.120,2.990,3.080,121035,368578.125,253
DVP,19/04/2023,3.090,3.150,3.060,3.130,107108,333324.750,307
DVP,20/04/2023,3.130,3.140,3.010,3.130,407049,1251061.235,456
DVP,21/04/2023,3.100,3.180,3.080,3.080,118651,367021.465,336
DVP,24/04/2023,3.090,3.090,3.010,3.010,71456,217054.820,310
DVP,26/04/2023,3.020,3.040,2.860,2.940,346776,1020574.825,562
DVP,27/04/2023,2.940,3.050,2.900,3.020,205836,613651.765,270
DVP,28/04/2023,3.100,3.130,3.010,3.040,143237,438421.595,334
DVP,01/05/2023,3.020,3.060,2.910,2.940,242742,725750.495,427
DVP,02/05/2023,2.930,2.940,2.820,2.880,352043,1009592.630,705
DVP,03/05/2023,2.820,2.890,2.710,2.880,292039,822941.910,337
DVP,04/05/2023,2.930,2.990,2.900,2.900,267943,790125.725,445
DVP,05/05/2023,2.940,3.190,2.940,3.160,426344,1296742.895,619
DVP,08/05/2023,3.220,3.235,3.120,3.150,202851,642815.210,379
DVP,09/05/2023,3.100,3.140,3.040,3.060,99941,308096.320,196
DVP,10/05/2023,3.080,3.115,3.040,3.100,116153,357407.565,160
DVP,11/05/2023,3.090,3.120,3.040,3.100,135438,418026.415,239
DVP,12/05/2023,3.100,3.170,3.090,3.130,144974,454466.435,251
DVP,15/05/2023,3.150,3.270,3.110,3.260,417968,1330034.560,684
DVP,16/05/2023,3.500,3.550,3.380,3.500,1731791,6002277.050,1372
DVP,17/05/2023,3.490,3.490,3.300,3.360,487347,1643990.915,775
DVP,18/05/2023,3.440,3.500,3.360,3.480,253427,876411.270,517
DVP,19/05/2023,3.500,3.500,3.450,3.490,368437,1286086.955,617
DVP,22/05/2023,3.490,3.490,3.360,3.390,123653,423325.390,274
DVP,23/05/2023,3.390,3.390,3.300,3.350,114620,383618.475,253
DVP,24/05/2023,3.350,3.450,3.330,3.450,199793,677298.100,354
DVP,25/05/2023,3.410,3.430,3.290,3.380,308787,1034896.115,547
DVP,26/05/2023,3.400,3.460,3.360,3.450,121136,414557.250,274
DVP,29/05/2023,3.480,3.500,3.430,3.490,775331,2709579.005,471
DVP,30/05/2023,3.500,3.500,3.390,3.460,358749,1246892.930,831
DVP,31/05/2023,3.440,3.500,3.370,3.500,296266,1030509.495,440
DVP,01/06/2023,0.000,0.000,0.000,3.500,0,0.000,0
DVP,02/06/2023,3.550,3.660,3.530,3.560,486245,1751480.800,781
DVP,05/06/2023,3.600,3.670,3.560,3.640,282467,1026034.810,798
DVP,06/06/2023,3.660,3.740,3.600,3.700,688812,2547906.790,1018
DVP,07/06/2023,3.700,3.700,3.610,3.620,189586,691691.030,450
DVP,08/06/2023,3.610,3.610,3.500,3.500,289131,1023463.425,427
DVP,09/06/2023,3.530,3.570,3.350,3.440,266909,916511.965,430
DVP,13/06/2023,3.440,3.520,3.410,3.480,243200,841996.945,472
DVP,14/06/2023,3.500,3.610,3.390,3.600,320265,1132421.590,658
DVP,15/06/2023,3.540,3.590,3.445,3.500,577792,2029636.690,743
DVP,16/06/2023,3.500,3.600,3.450,3.600,198727,701633.995,446
DVP,19/06/2023,3.600,3.600,3.490,3.530,206514,729119.065,336
DVP,20/06/2023,3.600,3.660,3.530,3.580,230522,828729.110,307
DVP,21/06/2023,3.540,3.590,3.510,3.530,59147,209160.105,231
DVP,22/06/2023,3.530,3.540,3.450,3.450,212954,745924.950,244
DVP,23/06/2023,3.450,3.460,3.340,3.380,188413,636709.360,356
DVP,26/06/2023,3.340,3.390,3.240,3.290,319452,1056658.990,479
DVP,27/06/2023,3.280,3.320,3.200,3.300,245343,800550.645,445
DVP,28/06/2023,3.260,3.450,3.230,3.450,256368,862770.060,455
DVP,29/06/2023,3.400,3.430,3.310,3.390,134416,453388.880,510
DVP,30/06/2023,3.470,3.470,3.170,3.460,487332,1608890.885,856
DVP,03/07/2023,0.000,0.000,0.000,3.460,0,0.000,0
DVP,04/07/2023,0.000,0.000,0.000,3.460,0,0.000,0
DVP,05/07/2023,3.250,3.550,3.210,3.450,763928,2584981.980,899
DVP,06/07/2023,3.410,3.450,3.360,3.380,292442,993123.540,533
DVP,07/07/2023,3.350,3.400,3.305,3.320,293231,979364.150,575
DVP,10/07/2023,3.420,3.500,3.340,3.360,633085,2162688.195,1055
DVP,11/07/2023,3.400,3.460,3.370,3.420,461555,1586365.060,685
DVP,12/07/2023,3.460,3.520,3.340,3.350,589511,2026579.190,593
DVP,13/07/2023,3.450,3.480,3.400,3.470,354484,1220534.280,683
DVP,14/07/2023,3.450,3.460,3.370,3.430,589827,2025458.855,926
DVP,17/07/2023,3.460,3.460,3.340,3.400,303229,1025415.555,743
DVP,18/07/2023,3.400,3.400,3.320,3.370,320642,1075020.790,705
DVP,19/07/2023,3.340,3.450,3.320,3.450,425112,1435487.105,630
DVP,20/07/2023,3.450,3.450,3.340,3.350,230872,779019.505,425
DVP,21/07/2023,3.360,3.370,3.300,3.300,438828,1461188.620,742
DVP,24/07/2023,3.310,3.310,3.220,3.280,400331,1309683.039,579
DVP,25/07/2023,3.280,3.360,3.250,3.330,302914,1000552.565,1034
DVP,26/07/2023,3.300,3.310,3.200,3.220,396254,1288222.455,368
DVP,27/07/2023,3.300,3.320,3.230,3.290,480033,1573316.285,714
DVP,28/07/2023,3.260,3.290,3.190,3.280,427427,1387324.030,724
DVP,31/07/2023,3.280,3.280,3.195,3.280,453373,1473993.345,633
DVP,01/08/2023,3.260,3.280,3.210,3.220,146459,474115.435,265
DVP,02/08/2023,3.220,3.220,3.160,3.180,214228,682869.590,425
DVP,03/08/2023,3.170,3.280,3.160,3.280,315146,1016429.670,776
DVP,04/08/2023,3.280,3.290,3.225,3.240,297905,972134.180,562
DVP,07/08/2023,3.240,3.250,3.055,3.080,444935,1384672.495,566
DVP,08/08/2023,3.090,3.110,3.000,3.060,308789,935306.610,371
DVP,09/08/2023,3.100,3.100,2.945,2.980,324396,967396.610,536
DVP,10/08/2023,3.000,3.050,2.960,3.030,202865,612201.540,359
DVP,11/08/2023,3.020,3.100,3.010,3.080,226552,689309.140,431
DVP,14/08/2023,3.150,3.150,2.990,3.060,197134,602015.625,345
DVP,15/08/2023,3.010,3.040,2.920,3.000,286840,854029.930,526
DVP,16/08/2023,3.000,3.010,2.910,2.930,265275,782395.030,562
DVP,17/08/2023,2.940,2.940,2.830,2.850,402586,1150740.190,788
DVP,18/08/2023,2.890,2.890,2.770,2.800,330155,925209.965,611
DVP,21/08/2023,2.860,2.860,2.805,2.840,254319,717802.575,436
DVP,22/08/2023,2.850,2.860,2.800,2.830,198206,561003.620,447
DVP,23/08/2023,2.830,2.850,2.800,2.820,238899,675590.245,345
DVP,24/08/2023,2.860,2.860,2.750,2.780,286988,799862.180,528
DVP,25/08/2023,2.760,2.790,2.700,2.710,190780,522638.440,308
DVP,28/08/2023,2.710,2.720,2.575,2.580,398305,1048990.725,748
DVP,29/08/2023,2.580,2.730,2.560,2.680,363590,959116.330,481
DVP,30/08/2023,2.700,2.800,2.680,2.800,284400,782980.365,443
DVP,31/08/2023,2.860,2.870,2.750,2.820,383839,1081030.010,699
DVP,01/09/2023,2.850,2.850,2.750,2.810,395774,1107321.940,560
DVP,04/09/2023,2.760,2.820,2.660,2.740,424473,1154001.980,1076
DVP,05/09/2023,2.750,2.760,2.680,2.740,185615,505311.820,397
DVP,06/09/2023,2.730,2.770,2.700,2.720,110432,301092.180,271
DVP,07/09/2023,2.720,2.720,2.670,2.700,181993,490331.415,290
DVP,08/09/2023,2.700,2.850,2.690,2.830,309937,861220.355,426
DVP,11/09/2023,2.850,2.850,2.730,2.760,300643,837453.110,278
DVP,12/09/2023,2.820,3.000,2.810,2.940,642315,1877427.365,754
DVP,13/09/2023,3.080,3.080,2.880,2.910,954715,2785685.265,491
DVP,14/09/2023,2.930,2.970,2.890,2.930,293669,859557.385,454
DVP,15/09/2023,2.940,3.210,2.940,3.200,1460752,4542306.795,1568
DVP,18/09/2023,3.150,3.165,3.090,3.140,270619,846764.360,306
DVP,19/09/2023,3.140,3.270,3.100,3.200,333917,1068682.730,329
DVP,20/09/2023,3.220,3.220,3.130,3.210,315898,998023.945,447
DVP,21/09/2023,3.250,3.250,3.120,3.130,206394,651397.500,404
DVP,22/09/2023,3.120,3.260,3.070,3.220,332625,1055994.505,552
DVP,25/09/2023,3.200,3.200,3.070,3.110,191936,596774.050,459
DVP,26/09/2023,3.100,3.150,3.090,3.120,327186,1015664.565,509
DVP,27/09/2023,3.100,3.210,3.100,3.210,235782,746626.095,434
DVP,28/09/2023,3.210,3.210,3.070,3.130,323050,1011664.510,546
DVP,29/09/2023,3.140,3.450,3.140,3.450,460727,1509081.920,1152
DVP,02/10/2023,3.350,3.350,3.280,3.300,195101,645324.790,707
DVP,03/10/2023,3.300,3.300,3.190,3.220,194556,625186.365,568
DVP,04/10/2023,3.190,3.190,3.100,3.150,369813,1160006.010,928
DVP,05/10/2023,3.130,3.200,3.120,3.190,315730,1001724.090,527
DVP,06/10/2023,3.180,3.200,3.090,3.190,314920,996715.800,453
DVP,09/10/2023,3.220,3.220,3.080,3.140,240488,760751.590,363
DVP,10/10/2023,3.110,3.230,3.110,3.180,297146,949889.745,757
DVP,11/10/2023,3.350,3.350,3.200,3.250,753276,2460418.145,949
DVP,12/10/2023,3.270,3.270,3.160,3.230,431514,1379460.425,581
DVP,13/10/2023,3.190,3.210,3.115,3.160,257113,813799.980,288
DVP,16/10/2023,3.190,3.190,3.050,3.060,384684,1191744.300,666
DVP,17/10/2023,3.070,3.140,3.060,3.140,230763,714422.145,453
DVP,18/10/2023,3.150,3.150,3.010,3.100,385661,1183124.275,608
DVP,19/10/2023,3.060,3.080,3.000,3.060,466429,1412999.070,560
DVP,20/10/2023,3.000,3.010,2.900,3.010,338098,1001824.670,437
DVP,23/10/2023,2.940,3.000,2.850,3.000,415432,1209277.225,986
DVP,24/10/2023,2.980,3.040,2.930,2.970,211414,627195.035,516
DVP,25/10/2023,3.030,3.220,3.000,3.170,815738,2558167.505,1761
DVP,26/10/2023,3.200,3.250,3.140,3.210,302078,967509.675,826
DVP,27/10/2023,3.240,3.300,3.230,3.250,512468,1674987.145,1137
DVP,30/10/2023,3.250,3.330,3.220,3.290,623015,2053593.505,1251
DVP,31/10/2023,3.200,3.360,3.150,3.360,3612646,12010307.010,1870
DVP,01/11/2023,3.300,3.330,3.240,3.270,324785,1070017.680,343
DVP,02/11/2023,3.250,3.300,3.200,3.250,429066,1398614.850,455
DVP,03/11/2023,3.260,3.380,3.260,3.330,580024,1933445.070,686
DVP,06/11/2023,3.350,3.360,3.220,3.260,702161,2319026.245,985
DVP,07/11/2023,3.180,3.200,3.110,3.180,670341,2121758.995,883
DVP,08/11/2023,3.150,3.150,2.990,3.020,730339,2239182.770,1198
DVP,09/11/2023,3.000,3.010,2.900,2.950,542429,1596065.500,734
DVP,10/11/2023,2.900,2.940,2.830,2.850,467226,1341172.340,950
DVP,13/11/2023,2.850,2.850,2.770,2.840,388032,1092470.870,601
DVP,14/11/2023,2.840,2.910,2.770,2.850,284996,807163.605,535
DVP,15/11/2023,2.960,3.040,2.900,2.950,432410,1282160.110,451
DVP,16/11/2023,2.950,2.970,2.900,2.900,175375,515820.710,474
DVP,17/11/2023,2.900,2.955,2.840,2.880,225096,651928.440,394
DVP,20/11/2023,2.880,2.980,2.880,2.980,300016,883447.245,772
DVP,21/11/2023,2.990,3.020,2.980,3.010,756455,2275894.525,635
DVP,22/11/2023,3.010,3.100,2.960,3.080,222390,678720.475,556
DVP,23/11/2023,3.060,3.090,2.940,3.010,178222,537797.365,498
DVP,24/11/2023,3.010,3.040,2.950,2.990,131446,393497.945,444
DVP,27/11/2023,2.990,3.030,2.930,2.990,160861,480755.985,392
DVP,28/11/2023,2.950,3.020,2.950,3.020,227565,681567.575,627
DVP,29/11/2023,3.000,3.020,2.970,2.990,429939,1292674.090,535
DVP,30/11/2023,2.990,3.090,2.940,3.060,368776,1119542.065,573
DVP,01/12/2023,3.050,3.070,2.900,2.920,363594,1069655.930,591
DVP,04/12/2023,2.960,3.060,2.800,2.990,425104,1247008.770,1024
DVP,05/12/2023,2.920,2.940,2.860,2.900,186275,541382.480,506
DVP,06/12/2023,2.850,2.910,2.845,2.880,254572,731888.705,386
DVP,07/12/2023,2.880,2.880,2.810,2.860,176515,500474.845,620
DVP,08/12/2023,2.860,2.930,2.820,2.900,216529,624764.445,304
DVP,11/12/2023,2.940,2.975,2.910,2.970,263825,776039.500,649
DVP,12/12/2023,2.950,2.950,2.840,2.870,231485,669489.280,745
DVP,13/12/2023,2.890,2.900,2.805,2.810,239963,679591.290,786
DVP,14/12/2023,2.840,2.910,2.820,2.860,198327,568506.975,512
DVP,15/12/2023,2.900,2.940,2.860,2.870,274173,795719.535,586
DVP,18/12/2023,2.870,2.890,2.800,2.890,295321,838267.170,789
DVP,19/12/2023,2.840,2.910,2.800,2.900,249610,717692.045,356
DVP,20/12/2023,2.870,3.020,2.860,2.900,675736,1986234.580,604
DVP,21/12/2023,2.890,2.900,2.780,2.880,423916,1216647.825,745
DVP,22/12/2023,2.880,2.910,2.840,2.860,448964,1295507.585,954
DVP,27/12/2023,2.830,2.900,2.800,2.900,193061,551793.800,431
DVP,28/12/2023,2.900,2.900,2.835,2.900,197336,568915.435,430
DVP,29/12/2023,2.830,2.880,2.810,2.830,230092,653851.255,790
DVP,02/01/2024,2.850,2.850,2.770,2.770,331759,927105.860,652
DVP,03/01/2024,2.770,2.770,2.580,2.650,745290,1973919.025,1242
DVP,04/01/2024,2.600,2.640,2.550,2.610,282568,733232.315,631
DVP,05/01/2024,2.610,2.720,2.590,2.650,199019,526567.305,436
DVP,08/01/2024,2.660,2.720,2.640,2.680,308917,828888.060,886
DVP,09/01/2024,2.730,2.780,2.680,2.720,357181,972733.120,1384
DVP,10/01/2024,2.680,2.730,2.660,2.660,187963,504506.295,731
DVP,11/01/2024,2.660,2.660,2.600,2.620,241874,636098.825,471
DVP,12/01/2024,2.600,2.670,2.570,2.590,613594,1589211.310,1307
DVP,15/01/2024,2.580,2.580,2.475,2.480,411945,1037752.895,842
DVP,16/01/2024,2.480,2.480,2.255,2.320,1008108,2337436.945,1859
DVP,17/01/2024,2.300,2.330,2.110,2.170,1191978,2580769.990,2169
DVP,18/01/2024,2.100,2.140,2.000,2.080,1142770,2374155.995,1802
DVP,19/01/2024,2.080,2.150,2.030,2.070,793134,1647441.835,1505
DVP,22/01/2024,2.070,2.070,1.885,1.990,1992550,3876420.023,2859
DVP,23/01/2024,1.990,1.995,1.860,1.980,739010,1438774.736,1538
DVP,24/01/2024,1.970,2.000,1.935,1.985,872263,1722561.491,1264
DVP,25/01/2024,2.000,2.200,1.960,2.190,657614,1387838.606,1352
DVP,29/01/2024,2.190,2.440,2.190,2.440,4207152,10103607.840,2668
DVP,30/01/2024,2.400,2.425,2.220,2.390,803963,1896158.955,1984
DVP,31/01/2024,2.380,2.500,2.320,2.410,905484,2203899.835,1664
DVP,01/02/2024,2.370,2.370,2.260,2.350,583739,1345918.900,1217
DVP,02/02/2024,2.340,2.365,2.240,2.340,542566,1251366.490,1125
DVP,05/02/2024,2.320,2.320,2.165,2.210,342363,756301.405,1236
DVP,06/02/2024,2.210,2.250,2.160,2.210,153925,340808.600,438
DVP,07/02/2024,2.220,2.355,2.220,2.320,423459,981759.805,916
DVP,08/02/2024,2.340,2.360,2.290,2.320,150521,351060.660,977
DVP,09/02/2024,2.320,2.410,2.270,2.380,335142,792235.680,926
DVP,12/02/2024,2.380,2.500,2.365,2.430,615056,1502423.490,1270
DVP,13/02/2024,2.450,2.500,2.390,2.440,573163,1405646.140,1671
DVP,14/02/2024,2.400,2.430,2.355,2.410,463352,1109100.065,1588
DVP,15/02/2024,2.410,2.460,2.370,2.380,537077,1298784.315,1525
DVP,16/02/2024,2.380,2.490,2.380,2.450,369306,903468.245,1234
DVP,19/02/2024,2.460,2.520,2.400,2.420,459135,1129612.640,1049
DVP,20/02/2024,2.430,2.490,2.340,2.450,230198,562344.060,788
DVP,21/02/2024,2.450,2.490,2.340,2.360,341185,822219.260,1011
DVP,22/02/2024,2.340,2.350,2.310,2.320,132792,309698.190,766
DVP,23/02/2024,2.340,2.340,2.100,2.100,417367,915295.065,1167
DVP,26/02/2024,2.110,2.180,2.090,2.150,752925,1604755.885,1668
DVP,27/02/2024,2.160,2.160,2.070,2.090,667076,1408752.270,1423
DVP,28/02/2024,2.160,2.230,2.090,2.200,702967,1522774.130,1565
DVP,29/02/2024,2.250,2.440,2.210,2.440,715006,1667168.285,1646
DVP,01/03/2024,2.460,2.500,2.360,2.450,364634,890525.220,621
DVP,04/03/2024,2.490,2.590,2.470,2.510,714462,1804966.950,1404
DVP,05/03/2024,2.520,2.520,2.430,2.480,244683,606915.965,925
DVP,06/03/2024,2.500,2.510,2.400,2.480,253712,623463.890,1555
DVP,07/03/2024,2.500,2.540,2.485,2.500,558374,1398489.570,1266
DVP,08/03/2024,2.530,2.530,2.440,2.500,273768,685687.260,1247
DVP,11/03/2024,2.450,2.520,2.410,2.440,176482,430281.405,1099
DVP,12/03/2024,2.440,2.440,2.330,2.330,442709,1050444.130,1907
DVP,13/03/2024,2.330,2.380,2.250,2.320,301565,696770.540,1534
DVP,14/03/2024,2.400,2.500,2.350,2.460,619282,1514228.525,2040
DVP,15/03/2024,2.490,2.530,2.370,2.510,7072808,17711985.555,2418
DVP,18/03/2024,2.500,2.500,2.380,2.440,490119,1197705.300,2038
DVP,19/03/2024,2.500,2.500,2.360,2.400,451790,1085861.505,1294
DVP,20/03/2024,2.400,2.410,2.340,2.390,1051361,2504099.965,1412
DVP,21/03/2024,2.400,2.430,2.370,2.400,918618,2208898.095,1676
DVP,22/03/2024,2.410,2.410,2.360,2.390,617616,1476421.900,1280
DVP,25/03/2024,2.380,2.400,2.370,2.390,578035,1381635.335,1291
DVP,26/03/2024,2.390,2.395,2.350,2.370,311773,740638.445,593
DVP,27/03/2024,2.350,2.420,2.350,2.420,582472,1399849.985,1085
DVP,28/03/2024,2.410,2.460,2.380,2.380,558830,1349835.435,1638
DVP,02/04/2024,2.380,2.405,2.330,2.400,476385,1135483.375,1148
DVP,03/04/2024,2.470,2.590,2.320,2.360,1636185,4025156.710,2383
DVP,04/04/2024,2.390,2.405,2.370,2.390,655685,1568435.365,1708
DVP,05/04/2024,2.380,2.390,2.280,2.280,419101,978201.845,800
DVP,08/04/2024,2.350,2.350,2.240,2.240,400587,908183.325,543
DVP,09/04/2024,2.240,2.250,2.100,2.180,1773032,3828280.080,2010
DVP,10/04/2024,2.180,2.270,2.140,2.270,1785936,3922693.390,2327
DVP,11/04/2024,2.250,2.360,2.230,2.280,1536319,3530372.270,1984
DVP,12/04/2024,2.350,2.350,2.220,2.220,600189,1356874.620,1562
DVP,15/04/2024,2.150,2.200,2.140,2.150,765935,1661522.705,1204
DVP,16/04/2024,2.140,2.160,2.040,2.060,1065749,2223397.195,1419
DVP,17/04/2024,2.060,2.160,2.060,2.140,402103,848730.940,565
DVP,18/04/2024,2.170,2.220,2.110,2.150,393164,846742.660,1220
DVP,19/04/2024,2.190,2.190,2.100,2.160,541856,1160053.575,881
DVP,22/04/2024,2.170,2.350,2.170,2.330,641457,1467746.395,816
DVP,23/04/2024,2.290,2.310,2.200,2.280,457480,1032183.610,801
DVP,24/04/2024,2.280,2.300,2.220,2.270,424917,960522.500,1184
DVP,26/04/2024,2.300,2.400,2.280,2.350,1016651,2391907.155,1357
DVP,29/04/2024,2.380,2.530,2.370,2.490,791497,1959640.315,1151
DVP,30/04/2024,2.500,2.530,2.440,2.450,1005336,2480623.890,892
DVP,01/05/2024,2.400,2.415,2.330,2.390,346743,827650.560,481
DVP,02/05/2024,2.330,2.405,2.330,2.370,215259,510148.580,547
DVP,03/05/2024,2.350,2.410,2.340,2.390,385631,910975.385,685
DVP,06/05/2024,2.400,2.460,2.360,2.390,388692,938692.705,864
DVP,07/05/2024,2.410,2.420,2.310,2.340,644462,1524145.475,1333
DVP,08/05/2024,2.340,2.380,2.300,2.360,494619,1159624.065,1090
DVP,09/05/2024,2.370,2.400,2.310,2.370,587592,1393887.505,1190
DVP,10/05/2024,2.370,2.480,2.370,2.420,1387219,3364839.840,1733
DVP,13/05/2024,2.430,2.460,2.240,2.270,948408,2202894.235,1208
DVP,14/05/2024,2.290,2.370,2.280,2.330,527505,1225055.735,1187
DVP,15/05/2024,2.350,2.450,2.330,2.360,939724,2248092.835,1025
DVP,16/05/2024,2.370,2.370,2.300,2.350,1117587,2617520.915,1331
DVP,17/05/2024,2.340,2.470,2.340,2.340,2026220,4849442.950,1514
DVP,20/05/2024,2.410,2.540,2.400,2.460,1066953,2636362.930,1964
DVP,21/05/2024,2.400,2.470,2.400,2.440,501998,1220291.625,1006
DVP,22/05/2024,2.430,2.460,2.390,2.440,623495,1513284.160,1018
DVP,23/05/2024,2.380,2.390,2.330,2.370,242363,574417.775,538
DVP,24/05/2024,2.350,2.350,2.245,2.270,376717,857572.260,780
DVP,27/05/2024,2.300,2.340,2.270,2.310,2561192,5915339.805,817
DVP,28/05/2024,2.310,2.480,2.300,2.350,504274,1212253.250,542
DVP,29/05/2024,2.350,2.410,2.320,2.340,479382,1130635.540,1070
DVP,30/05/2024,2.320,2.320,2.200,2.270,800531,1799966.375,956
DVP,31/05/2024,2.250,2.340,2.240,2.290,547687,1251103.925,1112
DVP,04/06/2024,2.200,2.230,2.140,2.210,494466,1082624.005,764
DVP,05/06/2024,2.180,2.200,2.110,2.110,2048971,4339516.725,865
DVP,06/06/2024,2.140,2.210,2.080,2.170,797985,1724228.305,1656
DVP,07/06/2024,2.190,2.270,2.180,2.220,279445,623656.880,633
DVP,11/06/2024,2.190,2.190,2.120,2.140,661574,1416032.440,1358
DVP,12/06/2024,2.110,2.155,2.090,2.100,519378,1102598.420,819
DVP,13/06/2024,2.120,2.150,2.060,2.120,639334,1342208.975,978
DVP,14/06/2024,2.110,2.110,2.020,2.050,589176,1210942.225,932
DVP,17/06/2024,2.030,2.080,1.980,2.060,1259353,2555357.679,1395
DVP,18/06/2024,2.070,2.240,2.040,2.240,1770814,3830354.620,1664
DVP,19/06/2024,2.210,2.210,2.130,2.200,860224,1876098.195,1253
DVP,20/06/2024,2.200,2.250,2.160,2.220,631078,1397037.335,803
DVP,21/06/2024,2.240,2.300,2.215,2.250,591765,1331398.440,840
DVP,24/06/2024,2.220,2.270,2.160,2.200,370435,819604.995,682
DVP,25/06/2024,2.210,2.260,2.160,2.230,466222,1033214.485,754
DVP,26/06/2024,2.230,2.240,2.110,2.150,691615,1495697.480,1533
DVP,27/06/2024,2.150,2.160,2.090,2.140,481700,1023350.035,1483
DVP,28/06/2024,2.130,2.170,2.100,2.170,1640702,3540076.045,1387
DVP,01/07/2024,2.200,2.200,2.150,2.150,683458,1474356.190,646
DVP,02/07/2024,2.150,2.160,2.140,2.150,582544,1253575.630,553
DVP,03/07/2024,2.160,2.210,2.160,2.200,312722,681075.655,586
DVP,04/07/2024,2.210,2.270,2.190,2.230,368221,822546.660,749
DVP,05/07/2024,2.240,2.250,2.180,2.200,346877,769420.175,1227
DVP,08/07/2024,2.210,2.250,2.155,2.160,563622,1229228.940,1025
DVP,09/07/2024,2.150,2.150,2.045,2.050,296433,616092.265,586
DVP,10/07/2024,2.040,2.080,1.965,2.010,590674,1191586.053,1657
DVP,11/07/2024,2.050,2.105,2.000,2.100,500332,1028097.255,1048
DVP,12/07/2024,2.100,2.160,2.050,2.120,438551,928803.600,853
DVP,15/07/2024,2.140,2.150,2.070,2.100,315050,667306.525,1065
DVP,16/07/2024,2.090,2.115,2.040,2.050,553431,1142664.190,1540
DVP,17/07/2024,2.080,2.170,2.065,2.100,880492,1870219.735,1148
DVP,18/07/2024,2.080,2.090,2.045,2.080,951790,1968906.300,1556
DVP,19/07/2024,2.050,2.080,2.000,2.040,453525,924406.405,957
DVP,22/07/2024,2.030,2.030,1.942,1.950,867567,1715002.518,1213
DVP,23/07/2024,1.955,1.955,1.860,1.880,1628102,3060946.283,1648
DVP,24/07/2024,1.880,1.925,1.880,1.895,740791,1404787.875,1650
DVP,25/07/2024,1.870,1.935,1.850,1.885,861685,1637419.681,1227
DVP,26/07/2024,1.950,2.050,1.935,1.990,1167924,2325074.331,2091
DVP,29/07/2024,2.020,2.110,2.020,2.040,1706750,3490863.865,860
DVP,30/07/2024,2.030,2.110,2.020,2.100,1143333,2352169.055,1968
DVP,31/07/2024,2.100,2.195,2.040,2.160,704653,1503850.355,1310
DVP,01/08/2024,2.190,2.295,2.180,2.280,615927,1391826.405,1488
DVP,02/08/2024,2.230,2.290,2.195,2.250,939561,2115387.350,1840
DVP,05/08/2024,2.190,2.240,2.080,2.080,818739,1754282.310,1593
DVP,06/08/2024,2.000,2.070,1.927,1.955,1025406,2057816.915,2135
DVP,07/08/2024,1.940,2.040,1.930,2.000,793093,1576394.303,1620
DVP,08/08/2024,1.980,1.980,1.890,1.960,662118,1280416.029,1809
DVP,09/08/2024,1.970,2.050,1.970,1.985,799087,1606971.601,1412
DVP,12/08/2024,2.000,2.050,1.975,1.985,539738,1077690.364,1677
DVP,13/08/2024,2.000,2.060,2.000,2.010,509379,1032120.545,1665
DVP,14/08/2024,2.040,2.095,2.020,2.030,572890,1176441.890,1524
DVP,15/08/2024,2.040,2.070,1.990,2.030,553551,1128040.253,1480
DVP,16/08/2024,2.090,2.120,2.040,2.070,814047,1689783.840,1247
DVP,19/08/2024,2.120,2.120,2.010,2.060,516590,1062523.715,1034
DVP,20/08/2024,2.070,2.100,2.020,2.050,505472,1043587.385,859
DVP,21/08/2024,2.060,2.140,2.010,2.130,712480,1495224.225,754
DVP,22/08/2024,2.130,2.140,2.070,2.090,515852,1084806.120,1524
DVP,23/08/2024,2.090,2.110,2.040,2.110,222675,462012.865,582
DVP,26/08/2024,2.150,2.190,2.120,2.190,439221,942193.040,625
DVP,27/08/2024,2.190,2.280,2.180,2.220,1128725,2523858.645,1596
DVP,28/08/2024,2.230,2.260,2.150,2.220,376487,825448.170,814
DVP,29/08/2024,2.160,2.230,2.110,2.160,723517,1568856.845,670
DVP,30/08/2024,2.160,2.200,2.120,2.190,479561,1038412.945,980
DVP,02/09/2024,2.190,2.190,2.130,2.140,128127,276155.605,444
DVP,03/09/2024,2.160,2.170,2.075,2.100,395160,836075.530,1530
DVP,04/09/2024,2.040,2.050,1.965,1.970,387557,778228.312,1033
DVP,05/09/2024,2.030,2.060,2.000,2.010,374923,760077.530,986
DVP,06/09/2024,2.030,2.030,1.950,1.965,308640,612342.971,935
DVP,09/09/2024,1.935,1.980,1.905,1.960,354011,691977.429,1022
DVP,10/09/2024,1.980,2.005,1.962,1.985,381738,756111.570,1493
DVP,11/09/2024,2.000,2.140,2.000,2.080,465791,974200.455,986
DVP,12/09/2024,2.100,2.180,2.100,2.130,501584,1070533.625,1084
DVP,13/09/2024,2.140,2.175,2.090,2.170,610729,1306261.875,1722
DVP,16/09/2024,2.190,2.200,2.050,2.110,392958,832356.530,1352
DVP,17/09/2024,2.100,2.100,1.940,1.975,922164,1837277.533,2136
DVP,18/09/2024,0.000,0.000,0.000,1.975,0,0.000,0
DVP,19/09/2024,0.000,0.000,0.000,1.975,0,0.000,0
DVP,20/09/2024,2.090,2.100,1.980,2.100,1663477,3461774.540,1145
DVP,23/09/2024,2.080,2.090,2.050,2.060,208736,430734.215,500
DVP,24/09/2024,2.060,2.110,2.050,2.070,309568,644916.915,711
DVP,25/09/2024,2.140,2.200,2.140,2.180,1315875,2862594.285,1746
DVP,26/09/2024,2.160,2.320,2.145,2.290,1280589,2834950.665,1545
DVP,27/09/2024,2.290,2.440,2.220,2.400,3060665,7142981.485,2224
DVP,30/09/2024,2.400,2.490,2.350,2.480,1397575,3422377.815,1720
DVP,01/10/2024,2.450,2.450,2.350,2.400,486476,1163843.705,1461
DVP,02/10/2024,2.350,2.420,2.320,2.400,423116,1006179.030,1324
DVP,03/10/2024,2.420,2.460,2.300,2.320,369377,871840.995,904
DVP,04/10/2024,2.310,2.350,2.240,2.310,708267,1634743.480,1442
DVP,07/10/2024,2.350,2.400,2.300,2.390,339307,799901.495,943
DVP,08/10/2024,2.380,2.430,2.300,2.370,730035,1736794.490,1417
DVP,09/10/2024,2.360,2.360,2.280,2.300,346689,800492.110,1173
DVP,10/10/2024,2.300,2.370,2.290,2.360,285348,664559.865,1263
DVP,11/10/2024,2.360,2.440,2.350,2.410,597704,1430025.250,1032
DVP,14/10/2024,2.420,2.515,2.400,2.450,695700,1716925.730,760
DVP,15/10/2024,2.450,2.520,2.430,2.510,456512,1132321.980,898
DVP,16/10/2024,2.490,2.520,2.450,2.460,496466,1232983.465,934
DVP,17/10/2024,2.470,2.660,2.470,2.620,858956,2202586.620,1150
DVP,18/10/2024,2.590,2.610,2.520,2.580,369054,947158.670,695
DVP,21/10/2024,2.620,2.690,2.520,2.520,1050674,2748137.895,1518
DVP,22/10/2024,2.520,2.530,2.450,2.510,594309,1477426.550,830
DVP,23/10/2024,2.510,2.570,2.450,2.470,406308,1014847.370,557
DVP,24/10/2024,2.400,2.440,2.370,2.390,667735,1602958.145,1462
DVP,25/10/2024,2.390,2.460,2.320,2.440,755715,1810260.700,1567
DVP,28/10/2024,2.430,2.480,2.380,2.460,660825,1606774.250,1597
DVP,29/10/2024,2.490,2.630,2.460,2.620,831486,2125180.790,1347
DVP,30/10/2024,2.590,2.670,2.520,2.530,884549,2284969.120,1887
DVP,31/10/2024,2.530,2.670,2.480,2.590,2357396,6113690.045,1989
DVP,01/11/2024,2.550,2.560,2.485,2.520,619690,1559580.320,1335
DVP,04/11/2024,2.520,2.530,2.450,2.460,427714,1060383.160,1103
DVP,05/11/2024,2.460,2.480,2.400,2.420,701710,1708849.350,1437
DVP,06/11/2024,2.470,2.470,2.330,2.350,912365,2165876.065,1437
DVP,07/11/2024,2.300,2.365,2.260,2.330,912381,2113452.220,1657
DVP,08/11/2024,2.390,2.440,2.360,2.420,571512,1371739.735,1365
DVP,11/11/2024,2.320,2.320,2.180,2.210,1298256,2895836.490,1791
DVP,12/11/2024,2.190,2.250,2.120,2.250,715020,1575263.420,1102
DVP,13/11/2024,2.230,2.290,2.170,2.190,613726,1364045.925,2260
DVP,14/11/2024,2.180,2.200,1.965,1.975,1721638,3542135.617,2795
DVP,15/11/2024,1.985,2.030,1.935,1.935,8235805,16015666.649,2387
DVP,18/11/2024,1.950,2.040,1.905,1.935,913690,1784103.171,2468
DVP,19/11/2024,1.930,1.977,1.895,1.935,992538,1920560.181,2696
DVP,20/11/2024,1.925,1.985,1.920,1.945,657289,1282727.253,1457
DVP,21/11/2024,1.930,2.030,1.930,2.010,487007,958509.565,991
DVP,22/11/2024,2.050,2.080,1.990,2.010,634064,1285795.019,1624
DVP,25/11/2024,2.020,2.020,1.960,1.970,486228,965346.843,1511
DVP,26/11/2024,2.000,2.010,1.935,1.950,484918,951045.103,891
DVP,27/11/2024,1.935,1.985,1.930,1.965,530865,1041221.454,797
DVP,28/11/2024,1.975,2.020,1.930,1.930,741587,1459107.642,1275
DVP,29/11/2024,1.940,1.990,1.920,1.965,711355,1387607.973,1223
DVP,02/12/2024,1.960,2.080,1.960,2.060,775394,1571507.336,665
DVP,03/12/2024,2.060,2.090,2.040,2.070,369300,761667.185,861
DVP,04/12/2024,2.090,2.140,2.070,2.110,458800,964717.435,727
DVP,05/12/2024,2.140,2.170,2.110,2.150,574987,1231947.020,1238
DVP,06/12/2024,2.160,2.260,2.160,2.240,1199833,2659140.000,1126
DVP,09/12/2024,2.220,2.230,2.180,2.210,645441,1420203.530,985
DVP,10/12/2024,2.390,2.510,2.295,2.460,1806685,4401393.080,2272
DVP,11/12/2024,2.410,2.470,2.375,2.410,1175247,2842695.665,1884
DVP,12/12/2024,2.400,2.430,2.310,2.380,693067,1638689.450,1702
DVP,13/12/2024,2.340,2.370,2.300,2.310,545683,1272511.720,1420
DVP,16/12/2024,2.320,2.320,2.200,2.210,958987,2141890.745,1715
DVP,17/12/2024,2.200,2.260,2.160,2.250,697790,1551913.665,1505
DVP,18/12/2024,2.210,2.270,2.180,2.250,615804,1379119.475,1644
DVP,19/12/2024,2.200,2.205,2.110,2.150,670709,1446059.880,1625
DVP,20/12/2024,2.110,2.150,2.100,2.120,725532,1538454.540,1368
DVP,23/12/2024,2.150,2.150,2.070,2.120,480072,1015000.270,1220
DVP,24/12/2024,2.090,2.200,2.090,2.200,298236,646398.510,807
DVP,27/12/2024,2.190,2.285,2.190,2.230,339953,762999.485,900
DVP,30/12/2024,2.270,2.345,2.270,2.280,328397,755669.640,867
DVP,31/12/2024,2.280,2.350,2.280,2.340,218984,507535.180,615
DVP,02/01/2025,2.310,2.400,2.280,2.400,333378,780230.960,891
DVP,03/01/2025,2.410,2.420,2.340,2.340,384413,910538.735,924
DVP,06/01/2025,2.350,2.390,2.250,2.370,585278,1367242.970,1270
DVP,07/01/2025,2.430,2.460,2.390,2.410,526476,1271916.035,1343
DVP,08/01/2025,2.400,2.420,2.320,2.330,390106,926033.000,1088
DVP,09/01/2025,2.340,2.400,2.310,2.330,282897,665965.430,829
DVP,10/01/2025,2.320,2.390,2.310,2.380,341807,803140.300,794
DVP,13/01/2025,2.350,2.370,2.320,2.340,168456,394045.470,547
DVP,14/01/2025,2.360,2.410,2.330,2.380,339789,805595.290,856
DVP,15/01/2025,2.380,2.410,2.335,2.370,290688,690131.405,932
DVP,16/01/2025,2.400,2.400,2.315,2.330,388250,908867.180,1300
DVP,17/01/2025,2.340,2.420,2.300,2.410,439055,1042118.335,1264
DVP,20/01/2025,2.410,2.410,2.365,2.400,249976,598040.630,1069
DVP,21/01/2025,2.400,2.420,2.360,2.410,381899,915058.760,1114
DVP,22/01/2025,2.420,2.420,2.350,2.360,306333,728020.020,1296
DVP,23/01/2025,2.350,2.350,2.190,2.220,887223,1983866.590,3272
DVP,24/01/2025,2.350,2.485,2.320,2.430,1077859,2615393.380,1307
DVP,28/01/2025,2.440,2.440,2.240,2.320,1052910,2431996.190,1897
DVP,29/01/2025,2.320,2.370,2.300,2.350,387890,909181.290,1187
DVP,30/01/2025,2.450,2.560,2.410,2.470,1310521,3254565.645,2536
DVP,31/01/2025,2.500,2.595,2.470,2.510,1613243,4068749.160,2378
DVP,03/02/2025,2.470,2.530,2.420,2.460,943117,2341180.065,2264
DVP,04/02/2025,2.500,2.500,2.440,2.480,644872,1601122.510,1046
DVP,05/02/2025,2.490,2.510,2.410,2.410,1048011,2581532.715,1764
DVP,06/02/2025,2.450,2.470,2.385,2.450,835258,2033589.670,1319
DVP,07/02/2025,2.450,2.520,2.440,2.520,704141,1755874.510,1796
DVP,10/02/2025,2.520,2.680,2.495,2.660,1412518,3677639.830,2366
DVP,11/02/2025,2.700,2.710,2.580,2.650,951903,2518482.265,1745
DVP,12/02/2025,2.640,2.760,2.600,2.710,1182334,3190571.795,1987
DVP,13/02/2025,2.720,2.880,2.700,2.860,1460014,4108059.160,1818
DVP,14/02/2025,2.900,2.955,2.865,2.950,2687021,7878145.880,2140
DVP,17/02/2025,2.950,3.030,2.920,2.940,1626225,4823057.780,1925
DVP,18/02/2025,2.950,2.960,2.845,2.900,1828479,5299196.150,2238
DVP,19/02/2025,2.920,2.920,2.800,2.870,664746,1896805.155,1979
DVP,20/02/2025,2.870,2.950,2.810,2.940,1517604,4393345.135,1945
DVP,21/02/2025,2.960,2.990,2.880,2.940,824960,2431407.835,2194
DVP,24/02/2025,2.860,2.910,2.810,2.890,644398,1848230.770,1015
DVP,25/02/2025,2.930,2.930,2.820,2.860,549236,1567322.305,1311
DVP,26/02/2025,2.880,2.885,2.800,2.870,438675,1250746.410,1027
DVP,27/02/2025,2.890,2.910,2.810,2.820,1055904,3016475.790,1615
DVP,28/02/2025,2.800,2.800,2.725,2.760,1025332,2824567.885,1393
DVP,03/03/2025,2.770,2.930,2.755,2.930,522821,1507483.290,1354
DVP,04/03/2025,2.920,2.930,2.700,2.700,925187,2581020.245,1859
DVP,05/03/2025,2.690,2.705,2.620,2.660,370868,986877.695,678
DVP,06/03/2025,2.810,2.820,2.700,2.700,959089,2623345.945,1957
DVP,07/03/2025,2.680,2.810,2.680,2.780,526966,1457164.715,2440
DVP,10/03/2025,2.810,2.875,2.810,2.840,417316,1186296.855,1442
DVP,11/03/2025,2.750,2.790,2.680,2.730,838443,2288665.310,2373
DVP,12/03/2025,2.740,2.810,2.740,2.780,269886,747947.415,1226
DVP,13/03/2025,2.760,2.915,2.760,2.800,477799,1363752.880,1382
DVP,14/03/2025,2.810,2.960,2.810,2.930,475275,1383117.970,1265
DVP,17/03/2025,2.970,3.015,2.890,2.940,764906,2259674.040,1458
DVP,18/03/2025,2.970,3.050,2.950,3.030,824073,2464968.050,1637
DVP,19/03/2025,3.020,3.030,2.950,2.970,562512,1683314.655,1254
DVP,20/03/2025,3.010,3.080,3.000,3.080,850686,2590054.935,1278
DVP,21/03/2025,3.080,3.170,3.070,3.110,1250991,3893747.330,1650
DVP,24/03/2025,3.130,3.150,3.040,3.090,725967,2249468.000,1511
DVP,25/03/2025,3.100,3.150,3.050,3.080,355375,1098268.275,980
DVP,26/03/2025,3.080,3.200,2.780,2.890,2990769,8840287.760,3887
DVP,27/03/2025,2.820,3.030,2.800,2.920,2138421,6214540.980,2977
DVP,28/03/2025,2.940,2.970,2.820,2.850,1160053,3340307.530,2326
DVP,31/03/2025,2.800,2.800,2.690,2.750,1330795,3656036.670,2054
DVP,01/04/2025,2.750,2.830,2.710,2.720,570728,1568868.695,1618
DVP,02/04/2025,2.750,2.750,2.620,2.670,1098232,2916391.165,1565
DVP,03/04/2025,2.630,2.660,2.605,2.630,768512,2020042.905,1375
DVP,04/04/2025,2.580,2.580,2.350,2.370,1932684,4686104.235,2778
DVP,07/04/2025,2.160,2.200,2.020,2.110,3431629,7285653.420,4807
DVP,08/04/2025,2.240,2.280,2.190,2.210,1677748,3744270.550,2055
DVP,09/04/2025,2.150,2.150,2.030,2.060,1481548,3101900.305,2201
DVP,10/04/2025,2.300,2.370,2.230,2.310,1850869,4245712.505,2353
DVP,11/04/2025,2.290,2.430,2.260,2.420,1277894,3031012.175,2407
DVP,14/04/2025,2.440,2.570,2.420,2.510,1027333,2576204.260,2219
DVP,15/04/2025,2.520,2.640,2.520,2.610,745317,1929535.225,1445
DVP,16/04/2025,2.570,2.600,2.530,2.590,763949,1966080.050,2937
DVP,17/04/2025,2.590,2.670,2.560,2.630,1009918,2640249.415,2014
DVP,22/04/2025,2.620,2.670,2.545,2.650,804801,2108673.080,3060
DVP,23/04/2025,2.680,2.690,2.550,2.570,1042334,2711134.480,2886
DVP,24/04/2025,2.600,2.750,2.600,2.700,482371,1301028.565,1698
DVP,28/04/2025,2.730,2.760,2.635,2.710,1412718,3811855.095,2425
DVP,29/04/2025,2.750,3.130,2.730,3.070,3340356,9989313.185,4240
DVP,30/04/2025,3.040,3.320,2.980,3.240,2017584,6480816.205,2710
DVP,01/05/2025,3.200,3.295,3.120,3.260,2095746,6811659.500,4091
DVP,02/05/2025,3.260,3.270,3.145,3.220,1436511,4623911.330,2935
DVP,05/05/2025,3.320,3.320,3.170,3.200,1133161,3654617.710,2319
DVP,06/05/2025,3.180,3.410,3.170,3.370,1349869,4515512.405,2563
DVP,07/05/2025,3.400,3.550,3.340,3.470,2055392,7138871.910,7347
DVP,08/05/2025,3.400,3.520,3.315,3.490,1725631,5930961.520,3572
DVP,09/05/2025,3.410,3.460,3.330,3.460,1326356,4509603.650,2458
DVP,12/05/2025,3.470,3.525,3.410,3.500,1046895,3645806.345,2363
DVP,13/05/2025,3.500,3.630,3.450,3.600,1842209,6519243.160,5937
DVP,14/05/2025,3.560,3.670,3.535,3.660,1158459,4196250.360,3669
DVP,15/05/2025,3.590,3.720,3.550,3.550,1461439,5298421.355,3679
DVP,16/05/2025,3.610,3.700,3.610,3.670,967552,3540825.580,2873
DVP,19/05/2025,3.620,3.690,3.550,3.680,946708,3455930.220,1622
DVP,20/05/2025,3.690,3.770,3.610,3.670,1215892,4498031.195,3501
DVP,21/05/2025,3.690,3.750,3.670,3.710,822044,3043642.715,3082
DVP,22/05/2025,3.690,3.800,3.670,3.790,858468,3227224.650,3884
DVP,23/05/2025,3.800,3.800,3.660,3.680,1187496,4431742.730,2819
DVP,26/05/2025,3.770,3.805,3.730,3.750,741942,2802892.435,2348
DVP,27/05/2025,3.750,3.795,3.670,3.770,866800,3250602.535,2272
DVP,28/05/2025,3.790,3.830,3.695,3.730,721808,2701744.045,2149
DVP,29/05/2025,3.760,3.810,3.700,3.780,920618,3466099.945,3515
DVP,30/05/2025,3.800,4.000,3.780,4.000,1896226,7471382.160,2929
DVP,02/06/2025,3.930,4.000,3.840,3.910,1727897,6794449.125,3995
DVP,03/06/2025,4.000,4.010,3.855,3.860,1457824,5732252.270,3934
DVP,04/06/2025,3.930,4.080,3.860,4.070,1241892,4935440.295,3161
DVP,05/06/2025,4.100,4.300,4.090,4.240,1407823,5944148.115,3331
DVP,06/06/2025,4.270,4.320,4.225,4.230,1293664,5518496.585,3525
DVP,10/06/2025,4.280,4.360,4.200,4.320,2110205,9058669.210,4419
